scatter_count,count,start,end
1,1,1580418737,1580515110
1,2,1580515117,1580611341
1,3,1580611349,1580707782
1,4,1580707791,1580803473
1,5,1580803480,1580899792
2,1,1580899801,1580957625
2,2,1580957632,1581015275
2,3,1581015284,1581072866
2,4,1581072873,1581131086
2,5,1581131094,1581189307
4,1,1581189315,1581225598
4,2,1581225606,1581262128
4,3,1581262137,1581298571
4,4,1581298579,1581334742
4,5,1581334751,1581371423
8,1,1581371432,1581397184
8,2,1581397192,1581422314
8,3,1581422323,1581446966
8,4,1581446973,1581472126
8,5,1581472134,1581496748
16,1,1581496756,1581515428
16,2,1581515435,1581534680
16,3,1581534687,1581553722
16,4,1581553729,1581572462
16,5,1581572469,1581592133
32,1,1581592140,1581611354
32,2,1581611361,1581630699
32,3,1581630705,1581650069
32,4,1581650075,1581668181
32,5,1581668186,1581686472
